id,geo,username,tweet
1476515187138056196,"66.44310650816469,-179.82421875,600km",welibyvepa,–ò–Ω–≤–µ–Ω—Ç–∞—Ä–∏–∑–∞—Ü–∏—è –¥–æ–ª–∂–Ω–∞ –ø—Ä–æ–≤–æ–¥–∏—Ç—å—Å—è –Ω–∞ –∫–∞–∂–¥–æ–º –ø—Ä–µ–¥–ø—Ä–∏—è—Ç–∏–∏: –ò–Ω–≤–µ–Ω—Ç–∞—Ä–∏–∑–∞—Ü–∏—è ‚Äî —ç—Ç–æ –ø—Ä–æ–≤–µ—Ä–∫–∞ –Ω–∞–ª–∏—á–∏—è –∏–º—É—â–µ—Å—Ç–≤–∞ –æ—Ä–≥–∞–Ω–∏–∑–∞—Ü–∏–∏ –∏ —Å–æ—Å—Ç–æ—è–Ω–∏—è –µ—ë —Ñ–∏–Ω–∞–Ω—Å–æ–≤—ã—Ö –æ–±—è–∑–∞—Ç–µ–ª—å—Å—Ç–≤ –Ω–∞ –æ–ø—Ä–µ–¥–µ–ª—ë–Ω–Ω—É—é –¥–∞—Ç—É –ø—É—Ç—ë–º —Å–ª–∏—á–µ–Ω–∏—è —Ñ–∞–∫—Ç–∏—á–µ—Å–∫–∏—Ö –¥–∞–Ω–Ω—ã—Ö —Å –¥–∞–Ω–Ω—ã–º–∏ –±—É—Ö–≥–∞–ª—Ç–µ—Ä—Å–∫–æ–≥–æ —É—á—ë—Ç–∞.  https://t.co/a0z5NhbWsC
1476515181760901120,"66.44310650816469,-179.82421875,600km",welibyvepa,"–í—ã–≥–æ–¥—ã –ø—Ä–æ–∫–∞—Ç–∞ –∞–≤—Ç–æ —Å –≤–æ–¥–∏—Ç–µ–ª–µ–º: –î–∞–≤–Ω–æ —É–∂–µ –Ω–µ —Å–µ–∫—Ä–µ—Ç —á—Ç–æ –≤ –º–µ–≥–∞–ø–æ–ª–∏—Å–∞—Ö –∏ –±–æ–ª—å—à–∏—Ö –≥–æ—Ä–æ–¥–∞—Ö —Å—É—â–µ—Å—Ç–≤—É–µ—Ç —Ç–∞–∫–∞—è, –Ω–µ –ø–æ–±–æ—é—Å—å —ç—Ç–æ–≥–æ —Å–∫–∞–∑–∞—Ç—å, –ø–æ–ª–µ–∑–Ω–∞—è —É—Å–ª—É–≥–∞ –∫–∞–∫ ‚Äì –∞—Ä–µ–Ω–¥–∞ –º–∞—à–∏–Ω—ã —Å –ª–∏—á–Ω—ã–º –≤–æ–¥–∏—Ç–µ–ª–µ–º. –ö–æ–Ω–µ—á–Ω–æ, –≤—ã –º–Ω–µ –º–æ–∂–µ—Ç–µ –≤–æ–∑—Ä–∞–∑–∏—Ç—å –∏ —Å–∫–∞–∑–∞—Ç—å, —á—Ç–æ –≤ —Å–ª—É—á–∞–µ —á–µ–≥–æ‚Ä¶  https://t.co/0eDEs5BFKQ"
1476515176404844545,"66.44310650816469,-179.82421875,600km",welibyvepa,"–°–∞–º—ã–π —É–¥–æ–±–Ω—ã–π —Å–ø–æ—Å–æ–± –¥–æ–±—Ä–∞—Ç—å—Å—è –∏–∑ –∞—ç—Ä–æ–ø–æ—Ä—Ç–∞: –ú–Ω–æ–≥–∏–µ –∏–Ω–æ—Å—Ç—Ä–∞–Ω–Ω—ã–µ —Å–ª–æ–≤–∞ –≤–æ—à–ª–∏ –≤ –Ω–∞—à –æ–±–∏—Ö–æ–¥, –∏ –º—ã –ø–æ—Å—Ç–æ—è–Ω–Ω–æ –∏–º–∏ –ø–æ–ª—å–∑—É–µ–º—Å—è. –ù–∞–ø—Ä–∏–º–µ—Ä, —Ç—Ä–∞–Ω—Å—Ñ–µ—Ä ‚Äî —ç—Ç–æ —Å–ª–æ–≤–æ –æ–±–æ–∑–Ω–∞—á–∞–µ—Ç –ø–µ—Ä–µ–º–µ—â–µ–Ω–∏–µ –≤ –ø–µ—Ä–µ–≤–æ–¥–µ —Å –∞–Ω–≥–ª–∏–π—Å–∫–æ–≥–æ —è–∑—ã–∫–∞. –°–µ–π—á–∞—Å —É–∂–µ –≤—Å–µ –ø—Ä–∏–≤—ã–∫–ª–∏, —á—Ç–æ –µ–≥–æ —É–ø–æ—Ç—Ä–µ–±–ª—è—é—Ç,‚Ä¶  https://t.co/nivK8GggBT"
1476515170977419273,"66.44310650816469,-179.82421875,600km",welibyvepa,–ú–∏–∫—Ä–æ–∞–≤—Ç–æ–±—É—Å –º–æ–∂–µ—Ç –ø–æ—Ç—Ä–µ–±–æ–≤–∞—Ç—å—Å—è –¥–ª—è —Ä–∞–∑–Ω—ã—Ö —Ü–µ–ª–µ–π: –û—Ä–≥–∞–Ω–∏–∑—É–µ—Ç–µ –∫–æ—Ä–ø–æ—Ä–∞—Ç–∏–≤–Ω—ã–π –æ—Ç–¥—ã—Ö –∏–ª–∏ —Ç—É—Ä–∏—Å—Ç–∏—á–µ—Å–∫–∏–π –≤–æ—è–∂? –ò—â–µ—Ç–µ —Ç—Ä–∞–Ω—Å–ø–æ—Ä—Ç –¥–ª—è –≤—Å—Ç—Ä–µ—á–∏ –∏–Ω–æ—Å—Ç—Ä–∞–Ω–Ω—ã—Ö –≥–æ—Å—Ç–µ–π –∏–ª–∏ —Å–æ–ø—Ä–æ–≤–æ–∂–¥–µ–Ω–∏—è —Å–≤–∞–¥—å–±—ã? –ù—É–∂–µ–Ω –ø—Ä–µ–¥—Å—Ç–∞–≤–∏—Ç–µ–ª—å—Å–∫–∏–π –∞–≤—Ç–æ–º–æ–±–∏–ª—å –¥–ª—è –¥–µ–ª–æ–≤–æ–π –ø–æ–µ–∑–¥–∫–∏? –ê—Ä–µ–Ω–¥—É–π—Ç–µ‚Ä¶  https://t.co/YIBSxpaoF1
1476269394993070097,"66.44310650816469,-179.82421875,600km",theanarcshit,Kƒ∞M BUNLAR? :D
1476264385890893838,"66.44310650816469,-179.82421875,600km",theanarcshit,@who98408150 sabunu bol bulunca b√∂yle olmu≈ü
1476053618163867653,"66.44310650816469,-179.82421875,600km",theanarcshit,@EbuBilalNamibi √áalƒ±yor ama √ßalƒ±≈üƒ±yor reyizim tƒ±rnak√ßƒ±m hamd√º isalar olsun hi√ß durmuyor hep i≈ü √ºst√ºnse
1475899192312844299,"66.44310650816469,-179.82421875,600km",theanarcshit,@EbuBilalNamibi Kapaƒüƒ± a√ßan olursa √∂lene kadar noggogo yapƒ±n reyizil gudsi ha≈∫retleri
1475788892380950528,"66.44310650816469,-179.82421875,600km",welibyvepa,"–í–∏—Ç–∞–º–∏–Ω—ã –æ—Ç–ª–∏—á–Ω–æ –ø–æ–≤—ã—à–∞—é—Ç –∏–º–º—É–Ω–∏—Ç–µ—Ç: –°–ø–æ—Å–æ–±–Ω–æ—Å—Ç—å –æ—Ä–≥–∞–Ω–∏–∑–º–∞ –ø—Ä–æ—Ç–∏–≤–æ—Å—Ç–æ—è—Ç—å —Ä–∞–∑–ª–∏—á–Ω—ã–º –∏–Ω—Ñ–µ–∫—Ü–∏—è–º –∑–∞–≤–∏—Å–∏—Ç –æ—Ç —Å–æ—Å—Ç–æ—è–Ω–∏—è –Ω–∞—à–µ–π –∏–º–º—É–Ω–Ω–æ–π —Å–∏—Å—Ç–µ–º—ã. –ù–µ–≤–æ—Å–ø—Ä–∏–∏–º—á–∏–≤–æ—Å—Ç—å –∫ –∏–Ω—Ñ–µ–∫—Ü–∏–æ–Ω–Ω—ã–º –∞–≥–µ–Ω—Ç–∞–º —Å–≤–∏–¥–µ—Ç–µ–ª—å—Å—Ç–≤—É–µ—Ç –æ —Ç–æ–º, —á—Ç–æ –∑–∞—â–∏—Ç–Ω—ã–µ —Å–∏–ª—ã —Ñ—É–Ω–∫—Ü–∏–æ–Ω–∏—Ä—É—é—Ç –±–µ–∑ —Å–±–æ–µ–≤. –ê —á–∞—Å—Ç—ã–º–∏‚Ä¶  https://t.co/3AJmvntQtQ"
1475788886861246467,"66.44310650816469,-179.82421875,600km",welibyvepa,"–°–Ω–µ–∫–∏ –ø–æ–ø—É–ª—è—Ä–Ω—ã –ø–æ –≤—Å–µ–º—É –º–∏—Ä—É: –¢–∞–∫–æ–µ —Å–ª–æ–≤–æ –∫–∞–∫ ""—Å–Ω–µ–∫"" –Ω–∞–≤–µ—Ä–Ω—è–∫–∞ —Å–ª—ã—à–∞–ª–∏ –º–Ω–æ–≥–∏–µ. –ò –Ω–µ–∫–æ—Ç–æ—Ä—ã–µ –∑–Ω–∞—é—Ç, —á—Ç–æ –æ–Ω–æ –∏–º–µ–µ—Ç –∫–∞–∫–æ–µ-—Ç–æ –æ—Ç–Ω–æ—à–µ–Ω–∏–µ –∫ –ø—Ä–æ–¥—É–∫—Ç–∞–º –ø–∏—Ç–∞–Ω–∏—è. –ù–æ —á—Ç–æ –∂–µ —ç—Ç–æ —Ç–∞–∫–æ–µ –Ω–µ —Å–∞–º–æ–º –¥–µ–ª–µ? –ò –Ω–µ –≤—Ä–µ–¥–Ω–æ –ª–∏ —ç—Ç–æ?  https://t.co/AmBZAuNUpr"
1475788881047871489,"66.44310650816469,-179.82421875,600km",welibyvepa,"–ì—Ä—É–∑–æ–≤—ã–µ –∞–≤—Ç–æ —á–∞—Å—Ç–æ –ø–µ—Ä–µ–æ–±–æ—Ä—É–¥—É—é—Ç: –î–ª—è –ø–µ—Ä–µ–æ–±–æ—Ä—É–¥–æ–≤–∞–Ω–∏—è –≥—Ä—É–∑–æ–≤—ã—Ö –∞–≤—Ç–æ–º–æ–±–∏–ª–µ–π –∫—Ä—É–ø–Ω—ã–µ –ø—Ä–æ–º—ã—à–ª–µ–Ω–Ω—ã–µ –ø—Ä–µ–¥–ø—Ä–∏—è—Ç–∏—è –∏—Å–ø–æ–ª—å–∑—É—é—Ç —Å–ø–µ—Ü–∏–∞–ª—å–Ω–æ–µ –æ–±–æ—Ä—É–¥–æ–≤–∞–Ω–∏–µ. –≠—Ç–æ—Ç –ø—Ä–æ—Ü–µ—Å—Å, –æ—Å—É—â–µ—Å—Ç–≤–ª—è–µ–º—ã–π —Å–ø–µ—Ü–∏–∞–ª–∏–∑–∏—Ä–æ–≤–∞–Ω–Ω—ã–º–∏ –°–¢–û, –ø–æ–∑–≤–æ–ª—è–µ—Ç –≤ –∑–Ω–∞—á–∏—Ç–µ–ª—å–Ω–æ–π —Å—Ç–µ–ø–µ–Ω–∏ —É–≤–µ–ª–∏—á–∏—Ç—å –æ–±—ä–µ–º‚Ä¶  https://t.co/ScNpaXI6Nq"
1475450641703227392,"66.44310650816469,-179.82421875,600km",theanarcshit,@ATA__KIIZI plakanƒ±n harflerini bo≈üa silmi≈üsin oradaki harf kombinasyonu belli  üòÇ
1475402153233731589,"66.44310650816469,-179.82421875,600km",theanarcshit,@EbuBilalNamibi tƒ±pkƒ± y√ºce kitabƒ±nƒ±zda bah≈üettiƒüiniz √ºzre daha adil ve d√ºzenli bir d√ºnya m√ºmk√ºn. g√∂r√ºnt√ºlerdeki karde≈üiniz de d√ºzen i√ßin var g√ºc√ºyle √ßalƒ±≈üƒ±yor haleluyah
1475356770969210881,"66.44310650816469,-179.82421875,600km",theanarcshit,@ArsivUnutmaz vah vah arabayla g√∂m√ºl in≈üallah
1475356270911795204,"66.44310650816469,-179.82421875,600km",theanarcshit,@Jackbrowniew @lazuribere530 @ArsivUnutmaz √ßƒ±har telefonunu g√∂ster bakeimm üòÇ
1475345002939269124,"66.44310650816469,-179.82421875,600km",bpearth,"#42895 Chukotka Autonomous Okrug, Russia, 689514 map:  https://t.co/hKNbKQMrtv  https://t.co/3gzseTqQ98"
1475061845920681985,"66.44310650816469,-179.82421875,600km",welibyvepa,"–ì—Ä–∞–Ω–∏—Ç–Ω—ã–π –ø–ª–∏—Ç–Ω—è–∫ –ø–æ—Ä–∞–¥—É–µ—Ç —Å–≤–æ–µ–π –¥–æ–ª–≥–æ–≤–µ—á–Ω–æ—Å—Ç—å—é: –ì—Ä–∞–Ω–∏—Ç–Ω—ã–µ –ø–ª–∏—Ç—ã –º–æ—â–µ–Ω–∏—è —É–∂–µ –¥–∞–≤–Ω–æ –ø–æ–ª—å–∑—É—é—Ç—Å—è —Å–ø—Ä–æ—Å–æ–º –¥–ª—è —É—Å—Ç–∞–Ω–æ–≤–∫–∏ –Ω–∞ —É–ª–∏—Ü–µ ‚Äî –≤ –ø—Ä–µ–¥–µ–ª–∞—Ö –∑–∞–≥–æ—Ä–æ–¥–Ω–æ–≥–æ –¥–æ–º–∞ –∏–ª–∏ –¥–∞—á–∏, –ª–∏–±–æ –¥–ª—è –æ—Ñ–æ—Ä–º–ª–µ–Ω–∏—è —Ç–µ–Ω–∏—Å—Ç–æ–π –∞–ª–ª–µ–∏, –ø–ª–æ—â–∞–¥–∏ –ø–µ—Ä–µ–¥ –º–æ–Ω—É–º–µ–Ω—Ç–æ–º, —Ü–µ–Ω—Ç—Ä–∞–ª—å–Ω—ã—Ö –¥–æ—Ä–æ–≥ –∏‚Ä¶  https://t.co/nV4Fe9EF7v"
1475061840438644743,"66.44310650816469,-179.82421875,600km",welibyvepa,"–ù–µ–º–Ω–æ–≥–æ –ø—Ä–æ –∏–Ω–∂–µ–Ω–µ—Ä–Ω—ã–µ –¥–æ—Å–∫–∏: –ò–Ω–∂–µ–Ω–µ—Ä–Ω–∞—è –¥–æ—Å–∫–∞ ‚Äî –Ω–æ–≤–∞—è —Ä–∞–∑–Ω–æ–≤–∏–¥–Ω–æ—Å—Ç—å –Ω–∞–ø–æ–ª—å–Ω–æ–≥–æ –ø–æ–∫—Ä—ã—Ç–∏—è, –ø—Ä–æ–∏–∑–≤–æ–¥–∏—Ç—Å—è –∏–∑ –Ω–∞—Ç—É—Ä–∞–ª—å–Ω–æ–π –¥—Ä–µ–≤–µ—Å–∏–Ω—ã. –ü–æ–∫—Ä—ã—Ç–∏–µ –ø–æ–ª—É—á–∞–µ—Ç—Å—è –¥–æ–ª–≥–æ–≤–µ—á–Ω—ã–º, —ç–∫–æ–ª–æ–≥–∏—á–Ω—ã–º –∏ –Ω–∞–¥—ë–∂–Ω—ã–º.  https://t.co/Bz2AJJkdyq"
1474990934664392709,"66.44310650816469,-179.82421875,600km",theanarcshit,@EbuBilalNamibi Egh√∂n√∂minin kitabƒ±nƒ± cilt cilt yeniden yazan kutsi reyiz itibarƒ±nƒ±za yakƒ±≈üƒ±r bir kindle versiyonu olacak mƒ±?
1474989618718199811,"66.44310650816469,-179.82421875,600km",theanarcshit,@EbuBilalNamibi ≈ûimdi toprak d√º≈ü√ºns√º..ahem..pardon; y√ºce isa gecinden versin tabiki reyiz√ºl d√ºdd√ºki hazretleri
1476694202427846656,"66.44310650816469,-174.55078125,600km",futbolcolmillo8,@danisoft1863 Cristian Pav√≥n en su prime es para que est√© jugando serie A en un equipo top. A ver qu√© nivel traer√° en el Azul.
1476684687858757652,"66.44310650816469,-174.55078125,600km",iembot_afg,"[Delayed Report] On Dec 28, at 4:56 PM AKST, Savoonga [Nome Co, AK] AWOS reports NON-TSTM WND GST of M75 MPH. PASA ASOS REPORTED A GUST OF 75 MPH.  https://t.co/dRUX5fYyUJ"
1476600463550140420,"66.44310650816469,-174.55078125,600km",breezig__,agpapansin ka lang e
1476594550584246274,"66.44310650816469,-174.55078125,600km",esbabie19,beh seryoso nga üò≠ pa-drop naman po ng link üòñ
1476584491930234881,"66.44310650816469,-174.55078125,600km",esbabie19,hi guys. GUSTO KO LANG SANA HINGIIN YUNG LINK NUNG COMPILATION NG SIGAW NI VESTER SA LIVE NYA DAHIL GAGAMITIN KO YUN MAMAYANG SALUBONG üò≠üò≠üò≠ TY. ‚ù§Ô∏è
1476571695234355202,"66.44310650816469,-174.55078125,600km",lulys68,@lopezdoriga Para √©l en su imaginaci√≥n si ser√° muy bueno...y en la realidad...
1476537039189426184,"66.44310650816469,-174.55078125,600km",lulys68,@fartebm @FGRMexico @hdemauleon @CNDH @CIDH @CarlosLoret @areliquinteroc @AngelVerdugoB El servicio civil de carrera les ha valido madre para correrte.. es te vas y punto....te bloquean gafetes de entrada y usuario en tu equipo de c√≥mputo...
1476422781101346820,"66.44310650816469,-174.55078125,600km",futbolcolmillo8,"Con la racha que traen D√°vila y el Ing. Vel√°zquez, no se me har√≠a raro que a media noche cerraran a Romelu Lukaku como sustituto del Cabecita  #CruzAzul"
1476419240450211851,"66.44310650816469,-174.55078125,600km",futbolcolmillo8,¬°Pinche equipazo est√° armando el #CruzAzul!
1476322789246357505,"66.44310650816469,-174.55078125,600km",lulys68,@Mx_Diputados @INEMexico Bola de rid√≠culos servilistas
1476322663077396480,"66.44310650816469,-174.55078125,600km",lulys68,@RicardoMonrealA Y todav√≠a crees en morena....graso error...no cambian.... salieron peores...
1476320691481948160,"66.44310650816469,-174.55078125,600km",elpablin75,@Andrea82342420 Es un peludo cabezon
1476288142516932611,"66.44310650816469,-174.55078125,600km",elpablin75,@VerCagandoViral Cuerpo dormido culo perdido
1476270140740227074,"66.44310650816469,-174.55078125,600km",valenciangelito,@Yamiletransmx1 Como me puedo unir a tu grupo de whatsapp
1476250391587307520,"66.44310650816469,-174.55078125,600km",lulys68,@lopezdoriga C√≥mo las que le  encantan....
1476249602982621186,"66.44310650816469,-174.55078125,600km",lulys68,@lopezdoriga Bola de rid√≠culos servilistas...
1476215920393658379,"66.44310650816469,-174.55078125,600km",elpablin75,@DoctoraSexual Necesitas una Reatota para llegar a el
1476213986853015554,"66.44310650816469,-174.55078125,600km",valenciangelito,@LizMenendez @arias_desiderio Que tengas excelente dia
1476203101509935104,"66.44310650816469,-174.55078125,600km",elpablin75,@nicovillegas8 Nooooooooo
1476098673008205824,"66.44310650816469,-174.55078125,600km",jrdnsbstn,DAHIL SA TIKTOK GUSTO KO TULOY NG LECHON BWCT PURO LECHON NAPAPANOOD KO HA
1476014745970831361,"66.44310650816469,-174.55078125,600km",iembot_afg,"SAVOONGA AIRPORT,AK (PASA) ASOS reports gust of 62 knots (71.4 mph) from SW @ 0157Z -- PASA 290217Z AUTO 24042G49KT 3/4SM -SN BR FEW012 BKN018 OVC055 M06/M07 A2915 RMK AO2 PK WND 23062/0157 PRESRR P0000 FZRANO"
1476009452239159298,"66.44310650816469,-174.55078125,600km",iembot_afg,"SAVOONGA AIRPORT,AK (PASA) ASOS reports gust of 65 knots (74.8 mph) from WSW @ 0156Z -- PASA 290156Z AUTO 24055G65KT 1/4SM -SN FZFG FEW014 BKN020 OVC044 M05/M06 A2907 RMK AO2 UPE25SNB10E20B25 PRESRR SLP846 P0000 T10501061 FZRANO"
1476002966461165579,"66.44310650816469,-174.55078125,600km",elpablin75,@Arrobita20 S√∫bete arrriba de √©l y t√∫ has todo hasta que se vac√≠e por qu√© cuando andamos cansados No queremos ni movernos pero si venirnos      Suerte
1475999937368182786,"66.44310650816469,-174.55078125,600km",iembot_afg,"SAVOONGA AIRPORT,AK (PASA) ASOS reports gust of 64 knots (73.7 mph) from SW @ 0105Z -- PASA 290118Z AUTO 22054G61KT 3/4SM -SN BR BKN016 OVC023 M03/M05 A2902 RMK AO2 PK WND 22064/0105 UPE10SNB10 P0000 FZRANO"
1475994391592329217,"66.44310650816469,-174.55078125,600km",iembot_afg,"SAVOONGA AIRPORT,AK (PASA) ASOS reports gust of 57 knots (65.6 mph) from SW @ 0056Z -- PASA 290056Z AUTO 22050G57KT 1 1/4SM UP BR OVC018 M02/M04 A2902 RMK AO2 PK WND 22057/0054 UPB22SNB13E22B44E54 SLP829 P0000 T10221044 FZRANO"
1475985064651493376,"66.44310650816469,-174.55078125,600km",iembot_afg,"SAVOONGA AIRPORT,AK (PASA) ASOS reports gust of 53 knots (61.0 mph) from SW @ 0005Z -- PASA 290019Z AUTO 22043G52KT 1 1/4SM -SN BR OVC017 M01/M03 A2905 RMK AO2 PK WND 22053/0005 SNB13 P0000 FZRANO"
1475982042856783876,"66.44310650816469,-174.55078125,600km",iembot_afg,"SAVOONGA AIRPORT,AK (PASA) ASOS reports gust of 53 knots (61.0 mph) from SW @ 0007Z -- PASA 290007Z AUTO 23045G53KT 2 1/2SM BR OVC019 M01/M03 A2904 RMK AO2 PK WND 22053/0005 FZRANO"
1475979285319929857,"66.44310650816469,-174.55078125,600km",iembot_afg,"SAVOONGA AIRPORT,AK (PASA) ASOS reports gust of 52 knots (59.8 mph) from SW @ 2346Z -- PASA 282356Z AUTO 22045G51KT 3SM BR OVC019 00/M02 A2904 RMK AO2 PK WND 22052/2346 RAB07E22UPB24E36SNE07 SLP836 P0001 6//// T00001022 10017 21061 55022 FZRANO"
1475968700830261256,"66.44310650816469,-174.55078125,600km",iembot_afg,"SAVOONGA AIRPORT,AK (PASA) ASOS reports gust of 50 knots (57.5 mph) from SW @ 2314Z -- PASA 282314Z AUTO 22042G50KT 3SM -RA BR BKN015 OVC022 01/M01 A2904 RMK AO2 PK WND 22050/2310 RAB07SNE07 P0001 FZRANO"
1475949724326895618,"66.44310650816469,-174.55078125,600km",damelioslor,@arialisslomusic do you understand spanish ?
1475931336917635075,"66.44310650816469,-174.55078125,600km",valenciangelito,@Gi19031792 A que cuenta hay que depositar
1475820174208946181,"66.44310650816469,-174.55078125,600km",esbabie19,"beh, mahal na mahal tayo ng jowa natin üò≠  @SB19Official #SB19  https://t.co/vNpEIdn0Hq"
1476698773019672576,"66.44310650816469,-169.27734375,600km",httpvicty,e se eu n ver mais ele ein
1476698749275680769,"66.44310650816469,-169.27734375,600km",mvd_jt,quem achou que eu n√£o ia forgar t√° enganado
1476698093580075008,"66.44310650816469,-169.27734375,600km",httpvicty,eu s√≥ qria ter ido pra igreja hj
1476694615956721665,"66.44310650816469,-169.27734375,600km",momokarage,Felicidades tia Julia!!‚ù§Ô∏è‚ù§Ô∏è
1476694202427846656,"66.44310650816469,-169.27734375,600km",futbolcolmillo8,@danisoft1863 Cristian Pav√≥n en su prime es para que est√© jugando serie A en un equipo top. A ver qu√© nivel traer√° en el Azul.
1476692151379636230,"66.44310650816469,-169.27734375,600km",mvd_jt,puto c esse perfume
1476691450154950657,"66.44310650816469,-169.27734375,600km",mvd_jt,cheio d √≥dio na mente ü§Øüò°üò°
1476690805268131848,"66.44310650816469,-169.27734375,600km",mvd_jt,hoje eu n√£o sou ningu√©m
1476688183777804294,"66.44310650816469,-169.27734375,600km",knomnews,NJUS battles strong winds to restore power to Nome residents  https://t.co/vyWrzvJLvL
1476688162739175429,"66.44310650816469,-169.27734375,600km",knom,"Gale-force winds wracked Nome on the night of Dec. 28, resulting in blackouts across much of the city. But despite the conditions, Nome Joint Utility System linemen worked during the night to get power back to residents where possible.  https://t.co/HAg24WE7KI"
1476687437325692935,"66.44310650816469,-169.27734375,600km",valdez_vegaa,He got the dick that make you forget about your past ü§∑üèΩ‚Äç‚ôÄÔ∏èüò≥
1476684692036284419,"66.44310650816469,-169.27734375,600km",iembot_afg,"[Delayed Report] On Dec 28, at 9:33 PM AKST, Brevig Mission [Nome Co, AK] AWOS reports NON-TSTM WND GST of M60 MPH. AWOS STATION PFKT BREVIG MISSION.  https://t.co/NOalMU6icP"
1476684687858757652,"66.44310650816469,-169.27734375,600km",iembot_afg,"[Delayed Report] On Dec 28, at 4:56 PM AKST, Savoonga [Nome Co, AK] AWOS reports NON-TSTM WND GST of M75 MPH. PASA ASOS REPORTED A GUST OF 75 MPH.  https://t.co/dRUX5fYyUJ"
1476683596530429958,"66.44310650816469,-169.27734375,600km",biagusttavoiima,@beenorules qual p√°gina amg?
1476681607805169673,"66.44310650816469,-169.27734375,600km",momokarage,"@AuroraPomsky @FloofRam Imagine my face when I back from high school (first year) and I found there was no cage or anything, trauma for me"
1476681359863255048,"66.44310650816469,-169.27734375,600km",mohammed_960_,@mirtillo135 ŸÇÿµŸäÿ± ÿßŸÑÿπŸÖÿ±
1476681282671235088,"66.44310650816469,-169.27734375,600km",mohammed_960_,@mirtillo135 ŸáŸáŸáŸáŸáŸáŸáŸáŸáŸáŸáŸáŸáŸáŸáŸáŸáŸáŸáŸáŸáŸáŸáŸáŸáŸáŸáŸáŸáŸáŸáŸáŸáŸáŸáŸáŸáŸáŸáŸáŸáŸáŸáŸáŸáŸáŸáŸáŸáŸáŸáŸáŸáŸáŸáŸáŸáŸáŸáŸáŸáŸáŸáŸáŸáŸáŸáŸáŸáŸáŸáŸáŸáŸáŸáŸáŸáŸáŸáŸáŸáŸáŸáŸáŸáŸáŸáŸáŸáŸáŸáŸá
1476680782072717319,"66.44310650816469,-169.27734375,600km",mohammed_960_,@mirtillo135 ŸáŸÖŸá ÿ≠ÿ™Ÿâ ÿßŸÑŸÑŸÇŸÖŸá
1476679421469810689,"66.44310650816469,-169.27734375,600km",mohammed_960_,@mirtillo135 ŸáŸáŸáŸáŸáŸáŸáŸáŸáŸáŸáŸáŸáŸáŸáŸáŸáŸáŸáŸáŸáŸáŸáŸáŸáŸáŸáŸáŸáŸáŸáŸáŸáŸáŸáŸáŸáŸáŸáŸáŸáŸáŸáŸáŸáŸáŸáŸáŸáŸáŸáŸáŸáŸáŸáŸáŸáŸáŸáŸáŸáŸáŸáŸáŸáŸáŸáŸáŸáŸáŸáŸáŸáŸáŸáŸáŸáŸáŸáŸáŸáŸáŸáŸáŸáŸáŸáŸáŸáŸáŸáŸá
1476679107039490058,"66.44310650816469,-169.27734375,600km",momokarage,@CalmMilk This is disgusting af
